8,Baroness,Bettie,Delcroix,F,22,44854C,"Wavey light chestnut neck length hair, brown skin",Provider,"Self-sacrifice for kin (4)  (Family roll 4, don't really want her back?)","Nature-focused, Weak-willed",Noble-1,Liaison-1,71758,TAS (1),Wardn,8,Freed,Abandonment
8,Baroness,Tawanda,Németh,F,30,7BA67C,"Straight medium black waist length hair, black skin",Counselor,Slaying of kin unrecognized (6),"Pensive, Nervous",Noble-3,"Computer-1,Admin-1,Bribery-1,Medical-1",232390,Yacht (1) HighPsg (1),Gram,8,Freed,Abandonment
4,Dame,Ashely,Pollard,F,30,A35B7B,"Frizzed medium auburn neck length hair, tanned skin",Fieldmarshal,Comedy (3),"Unselfish, Violent",Citizen-3,Streetwise-2,9314,Blade (1),Steel,4,Freed,Abandonment
8,Knight,Chung,Piquet,M,22,76A26B,"Curly light silver close cropped hair, orange skin",Provider,Recovery of a lost one (4),"Proper, Mischievous",Noble-1,"Carousing-1,Brawling-1",107206,HighPsg (1),Capon,8,Freed,Abandonment
5,Knight,Nathanial,Piquet,M,30,88786B,"Straight light chestnut neck length hair, tanned skin",Crafter,Comedy (4),"Friendly, Cruel",Noble-3,"Gabmling-2,Vehicle-1,Hunting-1",123839,HighPsg (1) Gun (1),Zaibon,5,Freed,Abandonment
12,,Beinon ,Daniels,M,28,583573,Wavy full yellow short hair tanned skin,,,,Citizen-2,"Mechanical-1, Vehicle(MineCrawler)-2, Leader-1, Gambling-0, Brawling-0",,,Haearn,12,Freed,Abandonment
12,,Nala,,F,25,976875,"Chocolate skin, short gray hair",,,,Citizen-1,Eng-2,,,Shirene,12,Freed,Abandonment
11,,Darius,Briand,M,22,982655,"Frizzed light yellow neck length hair, chocolate skin",Protector,Overcoming the monster (6),"Witty, Withdrawn",Other-1,Brawling-1,69319,HighPsg (1),Pimane,11,Freed,Abandonment
11,,John,Dias,M,22,98C438,"Curly medium black waist length hair, black skin",Healer,Fatal imprudence (2),"Flirtatious, Disrespectful",Citizen-1,"Steward-1,Streetwise-1",2658,Middle Passage (1),Smoug,11,Freed,Abandonment
11,,Winfred,Kerr,M,22,436A65,"Wavey medium green short hair, silver skin",Composer,Recovery of a lost one (2),"Organized, Possessive",Other-1,Bribery-2,19135,Gun (1),Zaibon,11,Freed,Abandonment
10,,Burl,Faivre,M,38,C3C987,"Wavey medium black neck length hair, albino skin",Healer,Crime pursued by vengeance (4),"Efficient, Uncouth",Citizen-5,"Mechanical-2,Blade-2,Gambling-1",13471,Blade (1) Low Passage (1),Shirene,10,Freed,Abandonment
10,,Heather,Bouton,F,30,A778B8,"Wavey medium black close cropped hair, medium skin",Inspector,Deliverance (1),"Obedient, Selfish",Citizen-3,"Steward-1,Bribery-1",10217,Middle Passage (1),Drolraw,10,Freed,Abandonment
10,,Luis,Stanton,M,38,8A56B8,"Frizzed light chestnut shoulder length hair, medium skin",Champion,Rags to riches (4),"Ambitious, Disorganized",Citizen-5,"Gambling-4,Gun-1",10362,Gun (1) Low Passage (1),Sacnoth,10,Freed,Abandonment
9,,Clifford,Oliver,M,30,A763A7,"Straight medium green waist length hair, tanned skin",Counselor,Loss of loved ones (4),"Sophisticated, Whiny",Citizen-3,"Vehicle-1,Bribery-2",11252,Middle Passage (1) Blade (1),Derchon,9,Freed,Abandonment
9,,Dahlia,Pataki,F,38,953866,"Curly light auburn short hair, tanned skin",Supervisor,Madness (6),"Adventurous, Violent",Citizen-5,"Steward-1,Brawling-2,Gambling-1,Blade-2",15317,,Lunion,9,Freed,Abandonment
9,,Harris,Oliver,M,38,8949A9,"Straight medium brown neck length hair, albino skin",Healer,Discovery of the dishonour of a loved one (1),"Intelligent, Gossipy",Citizen-5,"Streetwise-1,Bribery-1,Computer-1",21805,Blade (1),Shirene,9,Freed,Abandonment
9,,Princess,Kidd,F,22,6A6793,"Frizzed light brown neck length hair, brown skin",Architect,Erroneous judgment (1),"Flirtatious, Unintelligent",Other-1,"Blade-1,Bribery-1",16888,HighPsg (1),Sharrip,9,Freed,Abandonment
9,,Tanner,McMillan,M,22,BA6B45,"Straight medium blond short hair, albino skin",Mastermind,Ambition (3),"Imaginative, Devious",Other-1,GunCbt-1,43735,,Pimane,9,Freed,Abandonment
9,,Vinita,Garnier,F,26,5A62B9,"Curly medium white neck length hair, tanned skin",Provider,Supplication (2),"Trusting, Sleazy",Citizen-2,"Computer-1,Blade-2",7687,Blade (1),Tenalphi,9,Freed,Abandonment
9,,Winfred,Lafond,M,30,879979,"Straight medium blond short hair, chocolate skin",Mastermind,Enmity of kin (4),"Professional, Devious",Citizen-3,"Gambling-1,Mechanical-1,Admin-1,Electronics-1",9088,Gun (1),Caliburn,9,Freed,Abandonment
8,,Burl,Owens,M,26,84799A,"Straight medium brown waist length hair, chocolate skin",Healer,The enigma (2),"Diplomatic, Martyr",Citizen-2,"Streetwise-1,Mechanical-1,Medical-1",7678,Middle Passage (1),Derchon,8,Freed,Abandonment
8,,Celena,George,F,30,A58B99,"Frizzed medium white short hair, silver skin",Mastermind,Rivalry of kin (6),"Nurturing, Vindictive",Citizen-3,"Gambling-1,Mechanical-1,Vehicle-1",14408,Blade (1),Biter,8,Freed,Abandonment
8,,Dan,Bakken,F,26,373C79,"Straight medium yellow short hair, tanned skin",Champion,Mistaken jealousy (2),"Cooperative, Promiscuous",Citizen-2,"Bribery-1,Vehicle-2",13892,Low Passage (1),Tenalphi,8,Freed,Abandonment
8,,Garry,Rácz,M,38,68BB94,"Curly light black close cropped hair, chocolate skin",Protector,Voyage and return (1),"Honorable, Pessimistic",Other-5,"Forgery-1,Electronic-2,Brawling-1,Bribery-2",48224,,Zaibon,8,Freed,Abandonment
8,,Margeret,Johnsson,F,34,56AAC9,"Wavey medium black short hair, medium skin",Architect,Comedy (3),"Organized, Paranoid",Citizen-4,Brawling-2,15435,Middle Passage (1),Sharrip,8,Freed,Abandonment
8,,Russ,Schaeffer,M,26,5783A8,"Straight medium black short hair, medium skin",Provider,Slaying of kin unrecognized (6),"Talented, Disrespectful",Citizen-2,"Brawling-1,Medical-1,Gun-1",12634,Gun (1),Caliburn,8,Freed,Abandonment
8,,Shena,Wynn,F,30,9D79EA,"Straight light chestnut neck length hair, tanned skin",Champion,Rivalry of superior vs. inferior (6),"Empathetic, Oversensitive",Citizen-3,"Admin-2,Mechanical-1",10955,Blade (1),Third imperium,8,Freed,Abandonment
8,,Wynona,Corre,F,26,858BB7,"Curly light white neck length hair, chocolate skin",Performer,Revolt (1),"Alert, Hostile",Citizen-2,"Streetwise-2,Bribery-1",8166,Low Passage (1) Middle Passage (1),Biter,8,Freed,Abandonment
7,,Albina,Renault,F,22,868A93,"Curly medium auburn shoulder length hair, chocolate skin",Architect,Mistaken jealousy (3),"Responsible, Resentful",Other-1,,52191,,Calabolg,7,Freed,Abandonment
7,,Camellia,George,F,38,5B9687,"Wavey medium auburn waist length hair, brown skin",Inspector,Disaster (2),"Decisive, Controlling",Citizen-5,"Blade-2,Bribery-1,Gambling-1,Carouse-1",20666,Gun (1),Sharrip,7,Freed,Abandonment
7,,Cecil,Claeys,M,34,573658,"Curly light black short hair, medium skin",Counselor,Rags to riches (1),"Simple, Gossipy",Citizen-4,"Carouse-1,Gambling-2",10493,Gun (1) Middle Passage (1) Blade (1),Penkwhar,7,Freed,Abandonment
7,,Celena,Crawford,F,30,966A63,"Wavey light auburn neck length hair, medium skin",Composer,Obtaining (5),"Alert, Cruel",Other-3,"Streetwise-1,Brawling-1,Blade-1",50326,HighPsg (1) LowPsg (1),Sacnoth,7,Freed,Abandonment
7,,Chassidy,Burke,F,34,968575,"Curly medium chestnut waist length hair, medium skin",Champion,All sacrificed for passion (5),"Spontaneous, Stubborn",Other-4,"Brawling-3,Forgery-2",131639,LowPsg (2),Smoug,7,Freed,Abandonment
7,,Darwin,Skinner,M,22,826545,"Curly medium yellow short hair, tanned skin",Inventor,Rivalry of superior vs. inferior (3),"Spontaneous, Rowdy",Other-1,"Mechanical-1,GunCbt-1",67298,HighPsg (1),Shirene,7,Freed,Abandonment
7,,Donovan,Walsh,M,22,67A597,"Frizzed light black short hair, black skin",Crafter,Madness (3),"Protective, Materialistic",Citizen-1,"Blade-1,Admin-1",8811,Gun (1),Iron,7,Freed,Abandonment
7,,Glynda,Henriksson,F,38,88AEA7,"Wavey medium orange very long hair, tanned skin",Protector,Obstacles to love (2),"Patriotic, Ignorant",Citizen-5,"Blade-1,Bribery-2,Mechanical-1",14543,Gun (1) Middle Passage (1),Gunn,7,Freed,Abandonment
7,,Herman,Higgins,M,22,94A646,"Wavey medium auburn waist length hair, medium skin",Champion,Rebirth (6),"Idealistic, Workaholic",Citizen-1,"Vehicle-1,Admin-1",1612,Middle Passage (1),Third imperium,7,Freed,Abandonment
7,,Ian,Bonnaud,M,26,965776,"Frizzed medium auburn waist length hair, silver skin",Promoter,An enemy loved (1),"Centered, Unintelligent",Citizen-2,"Gambling-1,Carouse-1,Medical-1",7942,Low Passage (1),Tenalphi,7,Freed,Abandonment
7,,Isidro,Peter,M,30,B76A97,"Wavey medium black neck length hair, black skin",Healer,Remorse (2),"Efficient, Apathetic",Citizen-3,"Steward-1,Gambling-1",5958,,Carse,7,Freed,Abandonment
7,,Janean,Sampson,F,34,96A4D7,"Frizzed light chestnut close cropped hair, medium skin",Supervisor,Overcoming the monster (1),"Focused, Uncommunicative",Citizen-4,"Medical-1,Bribery-1,Mechanical-1",20612,Low Passage (1),Adabicci,7,Freed,Abandonment
7,,Micah,Crawford,F,34,7A74C5,"Straight medium orange neck length hair, medium skin",Champion,Ambition (1),"Discreet, Fussy",Other-4,"Electronic-1,Blade-1,Streetwise-2",218725,Gun (1) LowPsg (1) HighPsg (1),Pimane,7,Freed,Abandonment
7,,Rosamond,Burris,F,22,A79354,"Straight medium auburn short hair, brown skin",Counselor,Necessity of sacrificing loved ones (5),"Whimsical, Irresponsible",Other-1,"Brawling-1,Gambling-1",80057,,Persephone,7,Freed,Abandonment
7,,Tawanda,William,F,22,83AB66,"Straight medium black short hair, brown skin",Performer,All sacrificed for passion (6),"Unselfish, Disloyal",Citizen-1,"Brawling-1,Mechanical-1",6733,,Iron,7,Freed,Abandonment
7,,Wallis,Leray,F,26,678A58,"Curly light brown very long hair, chocolate skin",Protector,All sacrificed for passion (4),"Spontaneous, Nagging",Citizen-2,"Streetwise-1,Bribery-1",16317,Middle Passage (1) Blade (1),Tenalphi,7,Freed,Abandonment
6,,Abbey,Vazquez,F,26,95AAC9,"Straight medium auburn close cropped hair, tanned skin",Fieldmarshal,Self-sacrifice for an ideal (5),"Idealistic, Pushy",Citizen-2,"Computer-1,Bribery-1",13191,Low Passage (1),Ianic,6,Freed,Abandonment
6,,Aide,Durham,F,34,B55887,"Straight medium brown short hair, chocolate skin",Fieldmarshal,Rebirth (1),"Courteous, Unintelligent",Citizen-4,"Bribery-2,Electronics-1,Streetwise-1,Gambling-1,Gun-1",12863,Gun (1) Low Passage (1),Derchon,6,Freed,Abandonment
6,,Charissa,Németh,F,30,259877,"Straight light brown waist length hair, brown skin",Protector,Remorse (5),"Trusting, Ungrateful",Citizen-3,"Bribery-1,Streetwise-1,Carouse-1",5568,Low Passage (1) Middle Passage (1),Sacnoth,6,Freed,Abandonment
6,,Clemencia,Schaeffer,F,30,585865,"Wavey medium black shoulder length hair, silver skin",Inventor,Voyage and return (2),"Uninhibited, Rebellious",Other-3,"Brawling-1,Blade-1,Vehicle-1",96335,LowPsg (1),Bronze,6,Freed,Abandonment
6,,Collin,Kidd,M,22,36B7B8,"Straight medium brown short hair, black skin",Promoter,Voyage and return (5),"Obedient, Inflexible",Citizen-1,Streetwise-2,5659,,Bronze,6,Freed,Abandonment
6,,Erik,Durham,M,30,CA72EA,"Curly light blond neck length hair, green skin",Fieldmarshal,Recovery of a lost one (4),"Industrious, Defensive",Citizen-3,"Admin-1,Computer-2",9648,Blade (1),Sword worlds,6,Freed,Abandonment
6,,Florentino,Burris,M,34,48AA98,"Wavey medium silver neck length hair, black skin",Fieldmarshal,Necessity of sacrificing loved ones (2),"Observant, Cocky",Citizen-4,"Carouse-3,Electronics-1,Gambling-1,Gun-1",16568,Gun (1) Low Passage (1),Tenalphi,6,Freed,Abandonment
6,,Freddie,Bonnaud,M,34,626A96,"Wavey medium chestnut shoulder length hair, chocolate skin",Inventor,Slaying of kin unrecognized (6),"Cautious, Whiny",Citizen-4,"Steward-2,Gambling-1",11215,Blade (1) Gun (1) Middle Passage (1),Sword worlds,6,Freed,Abandonment
6,,Jerrold,Bonnaud,M,34,79999A,"Frizzed medium brown close cropped hair, brown skin",Fieldmarshal,Rivalry of superior vs. inferior (1),"Adaptable, Melodramatic",Citizen-4,"Brawling-1,Bribery-1,Vehicle-1,Gambling-1,Streetwise-1",18651,Low Passage (1) Gun (1),Harvosette,6,Freed,Abandonment
6,,Jerrold,Owens,M,22,684979,"Frizzed medium chestnut shoulder length hair, silver skin",Supervisor,Falling prey to cruelty/misfortune (5),"Imaginative, Superstitious",Citizen-1,"Steward-1,Mechanical-1",8282,Gun (1),Sting,6,Freed,Abandonment
6,,Jonathan,Michaud,M,22,84AC97,"Straight medium orange short hair, black skin",Performer,Mistaken jealousy (1),"Simple, Perfectionist",Citizen-1,,8315,Gun (1),Pimane,6,Freed,Abandonment
6,,Kanesha,Germain,F,26,A8A9C7,"Frizzed medium blond neck length hair, medium skin",Promoter,Overcoming the monster (4),"Decisive, Workaholic",Citizen-2,"Vehicle-2,Admin-1",13209,Low Passage (1),Spirelle,6,Freed,Abandonment
6,,Kanesha,Salazar,F,34,597B49,"Frizzed medium brown neck length hair, brown skin",Teacher,Adultery (2),"Quirky, Worrywart",Citizen-4,"Vehicle-1,Gambling-1,Streetwise-1,Medical-1",14577,Blade (1) Gun (1),Mithril,6,Freed,Abandonment
6,,Lenny,Haugen,M,30,B828A7,"Straight medium brown neck length hair, tanned skin",Healer,Supplication (4),"Generous, Stubborn",Citizen-3,"Bribery-1,Steward-1,Brawling-1",12180,Blade (1),Smoug,6,Freed,Abandonment
6,,Manuel,Mace,M,38,A76947,"Frizzed medium brown short hair, tanned skin",Healer,The enigma (2),"Responsible, Extravagant",Citizen-5,"Medical-1,Bribery-1,Gambling-1,Gun-1",13095,Gun (1) Middle Passage (1),Capon,6,Freed,Abandonment
6,,Margeret,Renault,F,26,8A4BA8,"Straight medium chestnut short hair, green skin",Inventor,Murderous adultery (5),"Intelligent, Oversensitive",Citizen-2,Steward-1,9358,Blade (1),Ianic,6,Freed,Abandonment
6,,Mauricio,Mills,M,26,B57775,"Frizzed medium brown close cropped hair, albino skin",Fieldmarshal,Abduction (3),"Meticulous, Catty",Other-2,"Gambling-2,Bribery-1",24187,,Shirene,6,Freed,Abandonment
6,,Miquel,Johnsson,M,26,A5B587,"Curly medium chestnut shoulder length hair, silver skin",Inventor,Murderous adultery (5),"Tolerant, Reckless",Citizen-2,"Computer-1,Bribery-1,Brawling-1",5298,,Harvosette,6,Freed,Abandonment
6,,Nathanial,Delcroix,M,22,8B6879,"Wavey medium black waist length hair, chocolate skin",Protector,Revolt (2),"Honest, Ungrateful",Citizen-1,Electronics-1,8355,Low Passage (1),Pimane,6,Freed,Abandonment
6,,Nubia,Dudley,F,30,A357A2,"Curly medium black short hair, brown skin",Architect,The enigma (5),"Playful, Controlling",Other-3,"Bribery-1,Blade-1",194725,HighPsg (1),Gunn,6,Freed,Abandonment
6,,Owen,Falk,M,38,8B8973,"Frizzed light black neck length hair, green skin",Mastermind,Ambition (3),"Appreciative, Grumpy",Other-5,"Gambling-2,Brawling-1,Mechanical-1",118267,HighPsg (1) LowPsg (1),Sacnoth,6,Freed,Abandonment
6,,Parker,Schaeffer,M,22,87BB87,"Curly light brown close cropped hair, medium skin",Supervisor,Remorse (1),"Intelligent, Hostile",Citizen-1,Bribery-1,1815,Middle Passage (1),Gandr,6,Freed,Abandonment
6,,Tyler,Rose,M,26,64AC57,"Straight medium yellow neck length hair, chocolate skin",Healer,Voyage and return (3),"Studious, Pushy",Citizen-2,"Bribery-1,Carouse-1,Blade-1",16208,Low Passage (1) Gun (1),Gunn,6,Freed,Abandonment
6,,Tyrone,Berry,M,26,988462,"Straight light auburn shoulder length hair, brown skin",Architect,Recovery of a lost one (4),"Loyal, Superstitious",Other-2,"Gambling-1,Vehicle-1,Gun-1",83647,Gun (1),Steel,6,Freed,Abandonment
6,,Verlie,Labat,F,30,AC9743,"Frizzed medium orange close cropped hair, medium skin",Champion,Slaying of kin unrecognized (6),"Happy, Inflexible",Other-3,"Brawling-2,Mechanical-1",74324,HighPsg (1),Gandr,6,Freed,Abandonment
6,,Walter,Haugen,F,22,5678B5,"Straight medium black neck length hair, tanned skin",Provider,Obstacles to love (6),"Flirtatious, Know it all",Other-1,"Gambling-1,Brawling-1",19621,LowPsg (1),Adabicci,6,Freed,Abandonment
6,,Wesley,Piquet,M,30,83A7E9,"Curly medium chestnut very long hair, chocolate skin",Crafter,Enmity of kin (3),"Professional, Resentful",Citizen-3,"Blade-1,Mechanical-1,Gambling-1",9247,Middle Passage (1),Sword worlds,6,Freed,Abandonment
6,,Willard,Garnier,M,26,8DB595,"Curly medium auburn short hair, black skin",Architect,Adultery (4),"Responsible, Vindictive",Other-2,"Gambling-1,Mechanical-1",144542,HighPsg (1),Biter,6,Freed,Abandonment
6,,Winfred,Millet,M,30,AB875A,"Frizzed medium auburn short hair, medium skin",Promoter,Disaster (6),"Mature, Subservient",Citizen-3,"Mechanical-1,Blade-1,Steward-1",5777,Low Passage (1) Gun (1),Sword worlds,6,Freed,Abandonment
5,,Aide,Millet,F,30,668789,"Straight medium brown close cropped hair, green skin",Protector,Conflict with a god (2),"Spunky, Ignorant",Citizen-3,"Admin-1,Carouse-1,Brawling-1,Medical-1",13342,Blade (1),Sword worlds,5,Freed,Abandonment
5,,Burl,Pataki,M,34,778842,"Straight medium chestnut close cropped hair, medium skin",Champion,All sacrificed for passion (3),"Discreet, Callous",Other-4,"Vehicle-1,GunCbt-1,Bribery-1",170126,LowPsg (1) Gun (1),Hofud,5,Freed,Abandonment
5,,Camellia,Rose,F,26,459798,"Straight light black neck length hair, brown skin",Architect,Fatal imprudence (4),"Gentle, Inflexible",Citizen-2,"Steward-1,Computer-1,Brawling-1",12443,,Iron,5,Freed,Abandonment
5,,Cecil,Rácz,M,26,549645,"Straight medium yellow short hair, chocolate skin",Mastermind,Overcoming the monster (3),"Loyal, Spoiled",Other-2,"Brawling-2,Electronic-1",66838,LowPsg (1),Drolraw,5,Freed,Abandonment
5,,Celena,Leriche,F,34,723B88,"Curly medium green neck length hair, brown skin",Crafter,The quest (1),"Introverted, Inflexible",Citizen-4,"Carouse-1,Brawling-1,Admin-1,Bribery-1,Blade-1",14291,Blade (1) Gun (1),Penkwhar,5,Freed,Abandonment
5,,Charissa,Tisserand,F,26,786BC3,"Straight medium black neck length hair, chocolate skin",Crafter,Overcoming the monster (3),"Analytical, Jealous",Other-2,"Electronic-1,Brawling-1,Forgery-1",32888,LowPsg (1),Mithril,5,Freed,Abandonment
5,,Cheryl,Perez,F,30,A78DD7,"Straight medium brown short hair, green skin",Counselor,Disaster (2),"Proactive, Verbose",Citizen-3,"Steward-1,Electronics-1",12811,Gun (1),Sting,5,Freed,Abandonment
5,,Clemencia,Németh,F,30,878B78,"Straight medium blond neck length hair, tanned skin",Architect,Deliverance (6),"Uninhibited, Controlling",Citizen-3,"Mechanical-1,Vehicle-1",9864,Blade (1),Sharrip,5,Freed,Abandonment
5,,Cyndi,Ochoa,F,26,6A3B69,"Straight light black waist length hair, translucent skin",Mastermind,Revolt (1),"Whimsical, Confrontational",Citizen-2,Computer-1,5503,Middle Passage (1) Low Passage (1),Bronze,5,Freed,Abandonment
5,,Darcey,Walton,F,34,554AE8,"Frizzed medium orange close cropped hair, chocolate skin",Mastermind,Daring enterprise (4),"Centered, Oversensitive",Citizen-4,"Blade-1,Bribery-2,Electronics-1",19409,Gun (1) Low Passage (1),Biter,5,Freed,Abandonment
5,,Efrain,Moon,M,30,667B63,"Frizzed medium chestnut neck length hair, medium skin",Champion,All sacrificed for passion (4),"Enthusiastic, Nervous",Other-3,"Mechanical-1,Forgery-1",90823,Gun (1),Gunn,5,Freed,Abandonment
5,,Emory,Sampson,M,26,87373A,"Frizzed light chestnut short hair, green skin",Inspector,Obtaining (3),"Efficient, Haughty",Citizen-2,"Mechanical-1,Computer-1",9649,Middle Passage (1) Low Passage (1),Shirene,5,Freed,Abandonment
5,,Eugenio,Halász,M,34,573589,"Straight light black shoulder length hair, medium skin",Performer,Involuntary crimes of love (6),"Analytical, Reckless",Citizen-4,"Mechanical-1,Carouse-1,Streetwise-1",18765,Low Passage (2),Hofud,5,Freed,Abandonment
5,,Eulalia,Rose,F,26,CB7777,"Frizzed medium white neck length hair, medium skin",Champion,Daring enterprise (1),"Obedient, Subservient",Citizen-2,"Admin-1,Steward-1",8631,Low Passage (1),Gandr,5,Freed,Abandonment
5,,Gene,Perez,M,22,942478,"Wavey medium green shoulder length hair, brown skin",Fieldmarshal,Rivalry of kin (4),"Meticulous, Prejudiced",Citizen-1,,3943,Low Passage (1),Wardn,5,Freed,Abandonment
5,,Hae,Fekete,F,38,8BAAA6,"Curly medium brown short hair, tanned skin",Fieldmarshal,Conflict with a god (2),"Extroverted, Spoiled",Citizen-5,"Brawling-1,Mechanical-1,Computer-1",13680,Gun (1) Middle Passage (1) Blade (1),Gandr,5,Freed,Abandonment
5,,Merle,Castaneda,M,34,466727,"Straight light silver short hair, chocolate skin",Performer,Involuntary crimes of love (5),"Whimsical, Gossipy",Citizen-4,"Bribery-2,Blade-1,Steward-1,Computer-1",18127,Blade (1) Gun (1) Middle Passage (1),Shirene,5,Freed,Abandonment
5,,Monte,Serrano,M,38,42AA48,"Straight medium silver neck length hair, black skin",Crafter,Crimes of love (3),"Focused, Confrontational",Citizen-5,"Computer-1,Vehicle-1,Mechanical-2,Bribery-1",14725,Blade (1) Gun (1),Third imperium,5,Freed,Abandonment
5,,Quincy,Harvey,M,26,B38BB5,"Wavey medium yellow neck length hair, chocolate skin",Crafter,Crimes of love (5),"Responsible, Self-destructive",Other-2,"Streetwise-1,Brawling-1,Electronic-1",180219,LowPsg (2),Spirelle,5,Freed,Abandonment
5,,Rod,Vazquez,M,22,94564A,"Wavey light green very long hair, tanned skin",Promoter,Disaster (6),"Curious, Apathetic",Citizen-1,,5778,Low Passage (1),Drolraw,5,Freed,Abandonment
5,,Rosamond,Skinner,F,22,6797C8,"Straight medium silver shoulder length hair, tanned skin",Provider,Crimes of love (4),"Whimsical, Fanatical",Citizen-1,Gambling-1,6681,Gun (1),Third imperium,5,Freed,Abandonment
5,,Roxana,Gauthier,F,38,8B58B9,"Straight medium black very long hair, chocolate skin",Inspector,Pursuit (3),"Flamboyant, Tactless",Citizen-5,"Mechanical-1,Gambling-1,Medical-1",15504,Gun (1) Blade (1),Olympia,5,Freed,Abandonment
5,,Sammie,Falk,M,22,B939A7,"Frizzed light blond close cropped hair, medium skin",Teacher,Rivalry of kin (1),"Independent, Stubborn",Citizen-1,"Mechanical-1,Computer-1",4118,Blade (1),Caliburn,5,Freed,Abandonment
5,,Tambra,Mills,F,30,A953B9,"Straight light brown shoulder length hair, medium skin",Fieldmarshal,Rivalry of kin (2),"Private, Spoiled",Citizen-3,"Medical-1,Carouse-1",14920,Middle Passage (1) Blade (1),Gandr,5,Freed,Abandonment
5,,Wiley,Mace,M,22,A86652,"Wavey medium black waist length hair, chocolate skin",Inspector,Mistaken jealousy (4),"Meticulous, Reckless",Other-1,Gambling-1,11685,Gun (1),Olympia,5,Freed,Abandonment
5,,Xavier,Haynes,M,34,4923A9,"Straight light auburn neck length hair, medium skin",Inventor,Madness (4),"Sentimental, Extravagant",Citizen-4,"Medical-2,Steward-1,Gambling-1",11479,Middle Passage (1) Low Passage (1),Strouden,5,Freed,Abandonment
5,,Xavier,Paquet,M,34,657865,"Curly light black close cropped hair, medium skin",Fieldmarshal,Adultery (4),"Philosophical, Apathetic",Other-4,"Bribery-1,Electronic-2,Forgery-1,Vehicle-1",120197,HighPsg (1) LowPsg (1),Sacnoth,5,Freed,Abandonment
4,,Alexis,Kerr,M,22,698677,"Curly medium black close cropped hair, brown skin",Mastermind,Overcoming the monster (4),"Philosophical, Volatile",Citizen-1,"Computer-1,Carouse-1",5228,,Biter,4,Freed,Abandonment
4,,Burl,Lapeyre,M,26,564748,"Straight medium green very long hair, tanned skin",Performer,Slaying of kin unrecognized (6),"Pensive, Judgmental",Citizen-2,"Steward-1,Carouse-1",9323,Low Passage (1),Ianic,4,Freed,Abandonment
4,,Dan,Berry,F,26,69A4C6,"Wavey medium auburn waist length hair, tanned skin",Supervisor,Overcoming the monster (5),"Ambitious, Timid",Citizen-2,"Gambling-1,Bribery-1",10413,Middle Passage (1) Gun (1),Sting,4,Freed,Abandonment
4,,Emory,Oliver,M,30,3A55B6,"Frizzed light brown neck length hair, medium skin",Counselor,Comedy (2),"Disciplined, Verbose",Citizen-3,"Brawling-1,Vehicle-2",9644,Low Passage (1),Olympia,4,Freed,Abandonment
4,,Erik,Piquet,M,34,925932,"Frizzed medium chestnut short hair, chocolate skin",Provider,Voyage and return (3),"Quirky, Disorganized",Other-4,"Brawling-1,GunCbt-1,Forgery-1,Bribery-1,Streetwise-1",144455,HighPsg (1),Biter,4,Freed,Abandonment
4,,Freddie,Tardy,M,30,574778,"Straight light brown waist length hair, black skin",Provider,Revolt (1),"Patriotic, Irrational",Citizen-3,"Carouse-1,Streetwise-1,Medical-1",7062,Blade (1),Hofud,4,Freed,Abandonment
4,,Garland,Peter,M,30,687266,"Straight medium black very long hair, medium skin",Crafter,Tragedy (4),"Proactive, Confrontational",Citizen-3,"Electronics-2,Vehicle-1",15942,Middle Passage (1),Harvosette,4,Freed,Abandonment
4,,Helga,Kidd,F,26,589986,"Straight medium chestnut neck length hair, tanned skin",Performer,Daring enterprise (2),"Observant, Morbid",Citizen-2,"Mechanical-1,Medical-1,Brawling-1",8330,Blade (1) Gun (1),Drolraw,4,Freed,Abandonment
4,,Ian,Nielsen,M,22,5686B7,"Straight medium black shoulder length hair, translucent skin",Counselor,An enemy loved (2),"Inspirational, Irrational",Citizen-1,Electronics-1,7599,,Gram,4,Freed,Abandonment
4,,Jonathan,Ferguson,M,26,5637A8,"Frizzed medium auburn short hair, tanned skin",Healer,Obtaining (6),"Appreciative, Unethical",Citizen-2,"Admin-1,Brawling-1",11816,Gun (1),Steel,4,Freed,Abandonment
4,,Moriah,Pataki,F,26,7AAD7A,"Straight medium orange close cropped hair, tanned skin",Champion,All sacrificed for passion (3),"Flamboyant, Gossipy",Citizen-2,"Carouse-1,Bribery-2",10722,Blade (1),Hofud,4,Freed,Abandonment
4,,Odis,Berger,M,38,2BA8A6,"Wavey medium brown shoulder length hair, translucent skin",Crafter,Necessity of sacrificing loved ones (6),"Analytical, Possessive",Citizen-5,"Streetwise-1,Bribery-1,Carouse-1,Gambling-1,Computer-1,Brawling-1",8894,Blade (1) Middle Passage (1),Caliburn,4,Freed,Abandonment
4,,Odis,Dos,M,38,B36525,"Wavey medium chestnut short hair, medium skin",Healer,Rivalry of kin (5),"Resourceful, Foolish",Other-5,"Brawling-2,Forgery-1,Blade-2",117263,LowPsg (1) Gun (1),Gram,4,Freed,Abandonment
4,,Prince,Germain,M,30,6B689A,"Wavey medium black neck length hair, albino skin",Counselor,Deliverance (6),"Proactive, Hostile",Citizen-3,"Bribery-2,Admin-1",10006,Gun (1) Blade (1),Gram,4,Freed,Abandonment
4,,Princess,Ochoa,F,30,3788B9,"Wavey medium chestnut shoulder length hair, brown skin",Fieldmarshal,Tragedy (2),"Professional, Fanatical",Citizen-3,"Mechanical-2,Carouse-1",5678,Low Passage (1),Derchon,4,Freed,Abandonment
4,,Ramonita,Ray,F,30,983856,"Straight medium auburn very long hair, silver skin",Teacher,Murderous adultery (5),"Philosophical, Disorganized",Citizen-3,"Blade-1,Admin-1,Brawling-1",10760,Middle Passage (2),Mithril,4,Freed,Abandonment
4,,Youlanda,Piquet,F,30,A466C6,"Straight medium black shoulder length hair, chocolate skin",Protector,Ambition (3),"Thrifty, Verbose",Citizen-3,Steward-1,11336,Low Passage (1) Gun (1),Gram,4,Freed,Abandonment
3,,Albina,Kerr,F,26,948A87,"Straight medium black shoulder length hair, brown skin",Mastermind,Conflict with a god (4),"Professional, Hypocritical",Citizen-2,"Medical-1,Computer-1,Steward-1",7835,Blade (1),Strouden,3,Freed,Abandonment
3,,Allegra,Durham,F,38,6345D8,"Frizzed medium brown short hair, tanned skin",Performer,Self-sacrifice for an ideal (6),"Honest, Abrasive",Citizen-5,"Mechanical-2,Vehicle-1,Carouse-1,Bribery-1",7081,Middle Passage (1) Low Passage (1),Spirelle,3,Freed,Abandonment
8,Knight,Arden,Moon,M,38,A52BDB,"Wavey medium auburn short hair, chocolate skin",Architect,All sacrificed for passion (2),"Friendly, Humorless",Noble-5,"Leader-3,Liaison-1,Bribery-1,Gun-1",139867,HighPsg (1) Gun (1),Gandr,8,Freed,Agrassian
11,,Ressie,Dos,F,34,49A9C7,"Wavey light black neck length hair, orange skin",Inventor,Comedy (5),"Generous, Vindictive",Citizen-4,"Gambling-1,Mechanical-1,Brawling-2,Electronics-1",18391,Low Passage (1) Blade (1) Gun (1),Calabolg,11,Freed,Agrassian
10,,Chung,Ray,M,34,CA7A8A,"Wavey light chestnut short hair, brown skin",Champion,Abduction (3),"Independent, Impatient",Citizen-4,"Blade-1,Electronics-1,Steward-1",17016,Middle Passage (1) Low Passage (1),Derchon,10,Freed,Agrassian
10,,Doreen,Kun,F,38,75438A,"Wavey medium brown short hair, medium skin",Promoter,An enemy loved (2),"Traditional, Rebellious",Citizen-5,"Mechanical-1,Streetwise-1,Gambling-1",17310,Middle Passage (2) Low Passage (1),Derchon,10,Freed,Agrassian
10,,Florentino,Lesueur,M,30,348566,"Straight medium chestnut close cropped hair, tanned skin",Teacher,Deliverance (6),"Talented, Gullible",Citizen-3,"Streetwise-1,Medical-2,Vehicle-1",11298,Low Passage (1),Penkwhar,10,Freed,Agrassian
8,,Carletta,Walsh,F,22,66B766,"Straight light chestnut shoulder length hair, brown skin",Crafter,Murderous adultery (2),"Easygoing, Paranoid",Citizen-1,"Mechanical-1,Brawling-1",6316,Blade (1),Sacnoth,8,Freed,Agrassian
8,,Jackson,Launay,M,34,8575A6,"Curly medium chestnut short hair, chocolate skin",Architect,Disaster (4),"Sophisticated, Scatterbrained",Citizen-4,"Bribery-2,Streetwise-1,Blade-1,Medical-1",16666,Middle Passage (1) Gun (1),Gandr,8,Freed,Agrassian
8,,Reynaldo,Wynn,M,30,7CB984,"Straight light black shoulder length hair, chocolate skin",Inspector,Discovery of the dishonour of a loved one (3),"Talented, Dishonest",Other-3,Gambling-1,62116,HighPsg (1) LowPsg (1),Drolraw,8,Freed,Agrassian
8,,Tony,Oliver,M,26,47C685,"Curly medium chestnut neck length hair, orange skin",Composer,Involuntary crimes of love (2),"Thrifty, Gullible",Other-2,"Streetwise-1,Brawling-1,Bribery-1",178816,Gun (1),Sharrip,8,Freed,Agrassian
7,,Cheryl,Nielsen,F,26,288938,"Frizzed medium auburn short hair, brown skin",Teacher,Supplication (6),"Proper, Ignorant",Citizen-2,"Gambling-1,Carouse-1,Blade-1",13386,Middle Passage (2),Zaibon,7,Freed,Agrassian
7,,Isreal,Moon,M,30,986783,"Wavey medium chestnut shoulder length hair, chocolate skin",Supervisor,Overcoming the monster (1),"Imaginative, Oversensitive",Other-3,"Forgery-2,Brawling-1",77009,LowPsg (2),Carse,7,Freed,Agrassian
7,,Micah,Piquet,F,26,7A46B5,"Straight medium chestnut neck length hair, brown skin",Mastermind,Rebirth (1),"Centered, Extravagant",Other-2,Gambling-1,129341,LowPsg (1) HighPsg (1),Biter,7,Freed,Agrassian
7,Baron,Eugenio,Mace,M,34,6A878C,"Straight light yellow short hair, brown skin",Mastermind,Involuntary crimes of love (5),"Cooperative, Nervous",Noble-4,"Hunting-1,Admin-2,Bribery-1,Brawling-1",127288,HighPsg (1) Gun (1) Blade (1),Caliburn,7,Freed,Brutus
8,Dame,Eden,McMillan,F,38,B99ABB,"Straight medium chestnut very long hair, tanned skin",Inspector,Remorse (6),"Proactive, Vindictive",Noble-5,"JoT-2,Admin-1,Leader-1,Hunting-1,Pilot-1",238520,TAS (1) Yacht (1) Blade (1),Ianic,8,Freed,Brutus
8,Knight,Tanner,Bonnaud,M,30,35958B,"Curly medium blond shoulder length hair, brown skin",Champion,Rivalry of kin (3),"Discreet, Fanatical",Noble-3,"Brawling-1,Bribery-1,Pilot-1",242425,HighPsg (2),Bronze,8,Freed,Brutus
11,,Jermaine,Falk,M,38,849777,"Wavey medium auburn very long hair, tanned skin",Inventor,Precursors (1),"Sophisticated, Morbid",Citizen-5,"Medical-2,Bribery-1,Carouse-1",11024,Low Passage (2),Biter,11,Freed,Brutus
10,,Addie,Ferguson,F,26,85A6B7,"Frizzed medium black neck length hair, chocolate skin",Provider,Madness (3),"Sophisticated, Inhibited",Citizen-2,"Brawling-1,Bribery-1,Mechanical-1",6062,Middle Passage (1),Iron,10,Freed,Brutus
10,,Keith,Rácz,F,26,877767,"Frizzed light black neck length hair, tanned skin",Composer,Crime pursued by vengeance (1),"Witty, Morbid",Citizen-2,"Computer-1,Bribery-1,Electronics-1",15315,Blade (1),Zaibon,10,Freed,Brutus
6,Knight,Clifford,Kerr,M,22,75777B,"Straight medium auburn neck length hair, tanned skin",Provider,Crime pursued by vengeance (3),"Curious, Rebellious",Noble-1,"Vehicle-1,JoT-1",32801,Yacht (1),Ianic,6,Freed,Dolphin
10,,Carletta,Nemes,F,34,988544,"Curly light black neck length hair, black skin",Champion,Pursuit (5),"Studious, Unethical",Other-4,"Mechanical-1,Brawling-1,Streetwise-2",229754,Gun (1) LowPsg (1),Sword worlds,10,Freed,Dolphin
8,Dame,Ebony,Berry,F,38,53B78B,"Straight medium auburn close cropped hair, tanned skin",Protector,Tragedy (2),"Uninhibited, Devious",Citizen-5,"Brawling-1,Mechanical-1,Computer-1,Streetwise-1",9463,Middle Passage (2) Blade (1),Biter,8,Freed,Duthain
12,,Lamar,Bouton,M,38,6B6855,"Straight medium auburn short hair, translucent skin",Performer,Involuntary crimes of love (5),"Introverted, Humorless",Other-5,"Gambling-2,Blade-1,Forgery-1,Brawling-1,Vehicle-1",82456,Gun (1),Sting,12,Freed,Duthain
11,,Carrol,Castaneda,M,22,769473,"Straight medium auburn very long hair, albino skin",Inspector,Vengeance taken for kin upon kin (3),"Flirtatious, Hypocritical",Other-1,Gambling-1,13643,LowPsg (1),Sword worlds,11,Freed,Duthain
11,,Monte,Haugen,M,34,9A6C88,"Straight medium auburn neck length hair, medium skin",Performer,The quest (5),"Professional, Paranoid",Citizen-4,Electronics-3,19161,Gun (1),Tenalphi,11,Freed,Duthain
9,,Addie,Louis,F,30,989663,"Straight medium auburn neck length hair, tanned skin",Promoter,Supplication (6),"Sophisticated, Greedy",Other-3,Gambling-1,105424,Gun (1) HighPsg (1),Sting,9,Freed,Duthain
9,,Herman,Piquet,M,22,A5C695,"Wavey medium black waist length hair, translucent skin",Promoter,Pursuit (2),"Persuasive, Spoiled",Other-1,"Gambling-1,Bribery-1",85253,,Sword worlds,9,Freed,Duthain
9,,Lilliam,Rose,F,22,4476A6,"Straight medium yellow short hair, tanned skin",Provider,Crime pursued by vengeance (5),"Cooperative, Defensive",Citizen-1,Electronics-1,7635,,Steel,9,Freed,Duthain
9,,Owen,Wynn,M,38,875699,"Frizzed medium brown short hair, translucent skin",Composer,Remorse (1),"Mature, Cocky",Citizen-5,"Blade-1,Bribery-1,Vehicle-1,Medical-1,Brawling-1",12316,Low Passage (1) Middle Passage (1),Penkwhar,9,Freed,Duthain
11,Baroness,Bettie,Halász,F,38,77A93C,"Curly medium green waist length hair, chocolate skin",Protector,Adultery (1),"Obedient, Oversensitive",Noble-5,"Vehicle-1,Carousing-1,Leader-1,Brawling-1,Hunting-1",246742,Yacht (1) HighPsg (1) Gun (1),Zaibon,11,Freed,fleet_2_1
10,Dame,Ashely,Pataki,F,38,6B548B,"Straight medium orange very long hair, translucent skin",Composer,The enigma (1),"Quirky, Irresponsible",Noble-5,"Carousing-1,Admin-1,Liaison-1,JoT-1,Medical-1,Brawling-1",363530,TAS (1) Blade (1) Gun (1),Persephone,10,Freed,fleet_2_1
12,,Aide,Salazar,F,22,AAC875,"Frizzed light black shoulder length hair, tanned skin",Protector,Crimes of love (2),"Funny, Antisocial",Other-1,Blade-1,48245,,Third imperium,12,Freed,fleet_2_1
11,,Barrett,Nemes,M,34,558994,"Wavey medium blond waist length hair, brown skin",Healer,Pursuit (5),"Ambitious, Apathetic",Other-4,"Blade-1,Brawling-1,Streetwise-1,Vehicle-1",114119,HighPsg (1) LowPsg (1),Derchon,11,Freed,fleet_2_1
12,,Cecil,Mills,M,22,8BA9D8,"Wavey light chestnut neck length hair, black skin",Inventor,Rivalry of superior vs. inferior (2),"Charming, Extravagant",Citizen-1,Mechanical-1,2967,,Iron,12,Freed,fleet_2_2
11,,Isis,Pataki,F,34,457944,"Straight light auburn close cropped hair, medium skin",Champion,Tragedy (2),"Empathetic, Withdrawn",Other-4,"Brawling-1,Blade-1,Vehicle-1,Gambling-1,Streetwise-1",109508,Gun (1),Sharrip,11,Freed,fleet_2_2
8,,Odell,Mills,M,38,7A8495,"Wavey light white short hair, brown skin",Protector,Loss of loved ones (2),"Imaginative, Flaky",Other-5,"Streetwise-1,Brawling-1,Electronic-1,Bribery-1",205250,LowPsg (1) HighPsg (1),Sword worlds,8,Freed,fleet_2_2
8,,Odell,Renault,M,34,6948A6,"Frizzed light blond short hair, medium skin",Performer,Rivalry of kin (2),"Obedient, Inhibited",Citizen-4,"Electronics-1,Steward-1",10787,Low Passage (1),Gandr,8,Freed,fleet_2_2
9,Baron,Earle,Burke,M,38,6957AC,"Frizzed medium silver neck length hair, brown skin",Counselor,Crime pursued by vengeance (1),"Idealistic, Insecure",Noble-5,"Leader-1,Gabmling-1,GunCbt-2",228360,HighPsg (2) Blade (1),Steel,9,Freed,fleet_2_3
5,Dame,Shena,Crawford,F,22,5B659B,"Straight light black very long hair, medium skin",Protector,An enemy loved (6),"Socially aware, Compulsive",Citizen-1,,4669,Middle Passage (1),Derchon,5,Freed,fleet_2_3
12,,Wiley,Millet,M,26,A557A4,"Frizzed medium auburn shoulder length hair, tanned skin",Inventor,Conflict with a god (5),"Charming, Cruel",Other-2,"Gambling-1,GunCbt-1,Brawling-1",90826,LowPsg (1) HighPsg (1),Bronze,12,Freed,fleet_2_3
11,,Russ,Higgins,M,26,4459A8,"Straight medium green close cropped hair, tanned skin",Healer,Rivalry of superior vs. inferior (6),"Hospitable, Workaholic",Citizen-2,"Carouse-2,Electronics-1",9955,Middle Passage (1),Sacnoth,11,Freed,fleet_2_4
9,,Tyler,Leriche,M,38,89789A,"Straight medium auburn waist length hair, chocolate skin",Counselor,Precursors (2),"Easygoing, Reckless",Citizen-5,"Streetwise-2,Computer-1,Blade-1",22985,Low Passage (2),Carse,9,Freed,fleet_2_4
9,,Wynona,Gauthier,F,26,96A984,"Curly medium black neck length hair, brown skin",Promoter,Crimes of love (6),"Happy, Self-destructive",Other-2,"Gambling-1,Brawling-1,Streetwise-1",116886,HighPsg (1) Gun (1),Hofud,9,Freed,fleet_2_4
10,,Helga,Rose,F,34,769657,"Straight light chestnut short hair, brown skin",Counselor,Enmity of kin (2),"Playful, Manipulative",Citizen-4,"Gambling-1,Computer-2,Mechanical-1",15910,Gun (1) Middle Passage (1),Penkwhar,10,Freed,fleet_4_1
8,,Arcelia,Cohen,F,22,7638A5,"Frizzed medium auburn very long hair, medium skin",Teacher,Enmity of kin (5),"Decisive, Resentful",Other-1,GunCbt-1,73704,HighPsg (1),Hofud,8,Freed,fleet_4_1
8,,Latesha,Durham,F,30,87BD89,"Curly medium blond close cropped hair, tanned skin",Crafter,Adultery (5),"Talented, Judgmental",Citizen-3,"Medical-1,Streetwise-2",15564,,Tenalphi,8,Freed,fleet_4_1
7,,Benita,Germain,F,22,675684,"Straight medium chestnut shoulder length hair, medium skin",Supervisor,Recovery of a lost one (1),"Proactive, Rebellious",Other-1,"Blade-1,Vehicle-1",68504,HighPsg (1),Sting,7,Freed,fleet_4_1
7,,Donovan,Serrano,M,34,959774,"Frizzed light auburn very long hair, tanned skin",Crafter,Crimes of love (5),"Centered, Rebellious",Other-4,"Bribery-1,Mechanical-2,Gambling-1,Brawling-1",195224,Gun (1) LowPsg (1),Harvosette,7,Freed,fleet_4_1
7,,Emory,Larsen,M,26,696475,"Straight light brown short hair, chocolate skin",Performer,Supplication (6),"Enthusiastic, Paranoid",Other-2,"Brawling-2,Blade-1",81272,Gun (1) HighPsg (1),Shirene,7,Freed,fleet_4_1
7,,Heather,Schaeffer,F,26,766296,"Wavey medium auburn very long hair, brown skin",Provider,Tragedy (5),"Merciful, Fussy",Citizen-2,"Steward-1,Brawling-1",11068,Middle Passage (1) Low Passage (1),Gandr,7,Freed,fleet_4_1
11,,Eden,Harvey,F,34,7578C4,"Curly medium auburn neck length hair, brown skin",Crafter,All sacrificed for passion (3),"Disciplined, Pushy",Other-4,"Brawling-1,Mechanical-1,Gambling-2",239362,,Harvosette,11,Freed,fleet_4_2
10,,Clemencia,McMillan,F,34,688377,"Straight light chestnut short hair, silver skin",Crafter,Overcoming the monster (5),"Confident, Pushy",Citizen-4,"Electronics-1,Streetwise-1,Vehicle-1,Blade-1",14554,Middle Passage (2) Blade (1),Steel,10,Freed,fleet_4_2
9,,Lenny,Paquet,M,38,53769A,"Wavey medium black close cropped hair, brown skin",Performer,All sacrificed for passion (1),"Meticulous, Inflexible",Citizen-5,"Mechanical-1,Bribery-1,Medical-1",17394,Middle Passage (1) Low Passage (1),Capon,9,Freed,fleet_4_2
9,,Micah,Lafond,F,22,476768,"Frizzed light silver neck length hair, brown skin",Teacher,Pursuit (3),"Happy, Hostile",Citizen-1,,3289,Blade (1),Capon,9,Freed,fleet_4_2
9,,Moriah,Pommier,F,26,97875A,"Frizzed medium black very long hair, brown skin",Inventor,Obtaining (4),"Supportive, Grumpy",Citizen-2,"Computer-1,Carouse-1",16770,Blade (1),Calabolg,9,Freed,fleet_4_2
9,,Tu,Burris,F,22,378773,"Curly medium auburn short hair, translucent skin",Promoter,Self-sacrifice for an ideal (4),"Honest, Dishonest",Other-1,"Vehicle-1,GunCbt-1",14615,,Shirene,9,Freed,fleet_4_2
8,,Harris,Oliver,M,34,365782,"Straight medium brown close cropped hair, medium skin",Teacher,Daring enterprise (3),"Cooperative, Melodramatic",Other-4,"Blade-1,Brawling-2,Gambling-1,Bribery-1",168989,LowPsg (1) HighPsg (1),Gandr,8,Freed,fleet_4_2
8,,Joel,Labat,M,22,CC4897,"Straight medium blond neck length hair, tanned skin",Champion,The quest (5),"Honorable, Judgmental",Citizen-1,"Steward-1,Brawling-1",7607,,Persephone,8,Freed,fleet_4_2
12,,Carolann,Sherman,F,26,9AA877,"Wavey medium chestnut neck length hair, chocolate skin",Protector,Adultery (3),"Mature, Greedy",Citizen-2,"Electronics-1,Blade-1,Steward-1",15648,Blade (1) Middle Passage (1),Gunn,12,Freed,fleet_4_3
10,,Carletta,Ferguson,F,38,7AA977,"Wavey medium white neck length hair, medium skin",Teacher,Tragedy (4),"Gentle, Withdrawn",Citizen-5,"Electronics-1,Vehicle-1,Carouse-1,Steward-1",12050,Gun (1) Middle Passage (1) Blade (1),Strouden,10,Freed,fleet_4_3
10,,Merle,Ferguson,M,34,C76779,"Wavey light chestnut short hair, tanned skin",Champion,Rags to riches (4),"Alert, Cynical",Citizen-4,"Computer-1,Vehicle-1",19678,Blade (1) Low Passage (1),Harvosette,10,Freed,fleet_4_3
8,,Arden,Wynn,M,34,BB8469,"Straight medium brown short hair, brown skin",Mastermind,Revolt (6),"Spiritual, Inhibited",Citizen-4,"Medical-1,Streetwise-1,Computer-1,Gun-1",14265,Gun (1),Sword worlds,8,Freed,fleet_4_3
7,,Bobbie,Hubbard,M,22,27A784,"Straight medium auburn close cropped hair, medium skin",Composer,Involuntary crimes of love (1),"Mature, Macho",Other-1,Bribery-1,95516,LowPsg (1),Strouden,7,Freed,fleet_4_3
7,,Nida,Potter,F,22,552688,"Curly medium chestnut neck length hair, chocolate skin",Counselor,Supplication (6),"Courteous, Ignorant",Citizen-1,Brawling-1,4838,Gun (1),Lunion,7,Freed,fleet_4_3
6,,Clemencia,Kidd,F,22,BA8699,"Straight medium chestnut waist length hair, brown skin",Counselor,Fatal imprudence (2),"Objective, Irrational",Citizen-1,Carouse-1,7252,Low Passage (1),Sting,6,Freed,fleet_4_3
6,,Euna,Rácz,F,22,758395,"Wavey medium chestnut shoulder length hair, tanned skin",Promoter,Recovery of a lost one (2),"Ambitious, Greedy",Other-1,"Vehicle-1,Forgery-1",41941,,Olympia,6,Freed,fleet_4_3
4,Baron,Odell,Dudley,M,38,7585DC,"Wavey light chestnut short hair, tanned skin",Inspector,Loss of loved ones (5),"Sensual, Cruel",Noble-5,"Bribery-1,Carousing-1,Hunting-1",451453,Gun (1) Blade (1) HighPsg (1),Shirene,4,Freed,fleet_4_4
4,Baroness,Cyndi,Castaneda,F,38,97AA8C,"Straight medium chestnut neck length hair, tanned skin",Crafter,Recovery of a lost one (5),"Inspirational, Temperamental",Noble-5,"Liaison-1,Leader-2,Hunting-1,Vehicle-2",291275,HighPsg (2) Yacht (1),Gandr,4,Freed,fleet_4_4
5,Dame,Nicolle,Tardy,F,26,55969B,"Wavey medium black short hair, chocolate skin",Protector,Obstacles to love (1),"Gentle, Apathetic",Citizen-2,"Vehicle-1,Electronics-1",10987,Gun (1),Gandr,5,Freed,fleet_4_4
11,,Kiera,Haynes,F,26,677C5A,"Frizzed medium green short hair, brown skin",Composer,Pursuit (1),"Meticulous, Compulsive",Citizen-2,"Vehicle-1,Medical-1",17048,Gun (1),Capon,11,Freed,fleet_4_4
10,,Burl,Jansson,M,38,684958,"Straight medium chestnut shoulder length hair, chocolate skin",Inventor,Conflict with a god (1),"Protective, Know it all",Citizen-5,"Brawling-1,Vehicle-1,Electronics-1,Bribery-1,Medical-1,Streetwise-1,Blade-1",20810,Blade (1) Gun (1),Gunn,10,Freed,fleet_4_4
10,,Earle,Paquet,M,38,38426A,"Curly medium black very long hair, brown skin",Supervisor,Necessity of sacrificing loved ones (6),"Patient, Reckless",Citizen-5,"Bribery-2,Carouse-1,Streetwise-1",16466,Blade (1) Middle Passage (1) Low Passage (1),Capon,10,Freed,fleet_4_4
9,,Chassidy,Haynes,F,26,9597B8,"Straight light silver waist length hair, chocolate skin",Composer,Slaying of kin unrecognized (2),"Persuasive, Impatient",Citizen-2,"Admin-1,Bribery-1",10322,Middle Passage (1) Blade (1),Biter,9,Freed,fleet_4_4
9,,Glynda,Bouton,F,22,457C96,"Straight light auburn short hair, chocolate skin",Provider,Involuntary crimes of love (1),"Observant, Superstitious",Citizen-1,Vehicle-1,1395,,Zaibon,9,Freed,fleet_4_4
9,Knight,Miquel,Bouton,M,30,55855B,"Wavey light black neck length hair, orange skin",Counselor,Overcoming the monster (1),"Resourceful, Materialistic",Noble-3,"Leader-1,Gabmling-1,Admin-2",305502,Blade (1) Gun (1),Calabolg,9,Freed,fleet_4_5
11,,Gene,Hubbard,M,30,AA68B6,"Frizzed medium chestnut shoulder length hair, green skin",Provider,Revolt (5),"Industrious, Foolish",Citizen-3,"Blade-1,Vehicle-1,Admin-1",11118,,Sting,11,Freed,fleet_4_5
11,,Lazaro,Ray,M,30,A68B68,"Wavey light brown waist length hair, medium skin",Fieldmarshal,All sacrificed for passion (3),"Merciful, Spoiled",Citizen-3,"Brawling-1,Admin-1,Carouse-1,Blade-1",9127,Blade (1),Iron,11,Freed,fleet_4_5
10,,Ian,Claeys,M,38,9A7587,"Straight medium silver neck length hair, silver skin",Composer,Daring enterprise (5),"Optimistic, Melodramatic",Citizen-5,"Vehicle-1,Electronics-1,Admin-1,Gambling-1,Mechanical-1",18244,Middle Passage (2),Lunion,10,Freed,fleet_4_5
9,,Kanesha,Rácz,F,22,372873,"Straight light brown shoulder length hair, chocolate skin",Counselor,Mistaken jealousy (1),"Spontaneous, Violent",Other-1,Blade-2,58092,LowPsg (1),Lunion,9,Freed,fleet_4_5
9,,Rich,Moon,M,38,8975A5,"Straight medium black short hair, chocolate skin",Teacher,Fatal imprudence (5),"Disciplined, Cowardly",Other-5,"Mechanical-2,Streetwise-2,Gambling-2",176598,LowPsg (1) Gun (1),Hofud,9,Freed,fleet_4_5
8,,Ayako,Ray,F,26,997734,"Wavey medium auburn waist length hair, brown skin",Promoter,Crimes of love (3),"Patriotic, Workaholic",Other-2,"Brawling-1,Gambling-1,Blade-1",56661,HighPsg (2),Hofud,8,Freed,fleet_4_5
8,,Cecil,Ray,M,26,695864,"Straight medium yellow short hair, brown skin",Promoter,Recovery of a lost one (2),"Courteous, Stingy",Other-2,"Vehicle-1,GunCbt-1",107773,Gun (1),Sting,8,Freed,fleet_4_5
10,Baroness,Rosamond,Leriche,F,38,B4595C,"Curly medium chestnut very long hair, medium skin",Supervisor,All sacrificed for passion (2),"Tolerant, Cynical",Noble-5,"Liaison-1,Pilot-2,Medical-1,Brawling-1,Vehicle-1",297507,HighPsg (2) Yacht (1),Gram,10,Freed,fleet_6_1
8,Baroness,Vanna,Ochoa,F,30,B6826C,"Straight medium green neck length hair, chocolate skin",Composer,Falling prey to cruelty/misfortune (4),"Trusting, Temperamental",Noble-3,"JoT-1,Vehicle-2,Leader-1",184776,TAS (1) Yacht (1),Caliburn,8,Freed,fleet_6_1
5,Dame,Benita,Owens,F,26,446ABB,"Wavey medium brown close cropped hair, tanned skin",Inspector,Murderous adultery (3),"Generous, Hostile",Citizen-2,Carouse-1,12571,Blade (1) Low Passage (1),Mithril,5,Freed,fleet_6_1
11,,Giovanni,Pataki,M,30,745AAA,"Straight light brown neck length hair, tanned skin",Fieldmarshal,Vengeance taken for kin upon kin (3),"Honest, Materialistic",Citizen-3,"Electronics-2,Carouse-1,Computer-1",8551,Blade (1),Sharrip,11,Freed,fleet_6_1
10,,Lazaro,Ferguson,M,26,878BA7,"Curly medium black shoulder length hair, brown skin",Composer,Fatal imprudence (1),"Studious, Defensive",Citizen-2,"Gambling-2,Vehicle-1",13240,,Mithril,10,Freed,fleet_6_1
10,,Vinita,Schaeffer,F,30,A76AB7,"Frizzed medium white shoulder length hair, translucent skin",Crafter,Crime pursued by vengeance (6),"Courageous, Paranoid",Citizen-3,"Brawling-1,Medical-1,Computer-1",8039,Middle Passage (1),Strouden,10,Freed,fleet_6_1
9,,Glynda,Berry,F,22,A75779,"Frizzed light green short hair, chocolate skin",Performer,Deliverance (5),"Sensible, Frivolous",Citizen-1,"Brawling-1,Computer-1",2602,Middle Passage (1),Shirene,9,Freed,fleet_6_1
8,,Forrest,Fekete,M,30,5B5848,"Wavey medium chestnut short hair, translucent skin",Inventor,Conflict with a god (3),"Appreciative, Materialistic",Citizen-3,"Vehicle-1,Admin-1",12998,Blade (1) Gun (1),Bronze,8,Freed,fleet_6_1
8,,Terry,Ferguson,M,22,777B3A,"Wavey medium auburn shoulder length hair, medium skin",Inventor,Rebirth (6),"Witty, Confrontational",Citizen-1,Medical-1,7947,Blade (1),Pimane,8,Freed,fleet_6_1
7,,Erik,Cohen,M,22,A48548,"Straight medium black close cropped hair, chocolate skin",Inspector,Loss of loved ones (3),"Loyal, Cruel",Citizen-1,Steward-1,2205,Blade (1),Tenalphi,7,Freed,fleet_6_1
7,,Freddie,Garnier,M,30,B8A3A2,"Frizzed light brown short hair, black skin",Inventor,Fatal imprudence (4),"Meticulous, Spoiled",Other-3,"GunCbt-1,Mechanical-1",116446,Gun (1) HighPsg (1),Gandr,7,Freed,fleet_6_1
7,,Garland,Lapeyre,M,30,767872,"Straight medium green close cropped hair, chocolate skin",Protector,Comedy (4),"Ambitious, Manipulative",Other-3,"Brawling-1,Streetwise-1",156431,Gun (1) LowPsg (1),Sword worlds,7,Freed,fleet_6_1
10,,Micah,Bouton,F,30,999377,"Straight medium green neck length hair, translucent skin",Provider,The enigma (4),"Tolerant, Violent",Citizen-3,"Medical-1,Gambling-1,Mechanical-1",8506,Middle Passage (1),Olympia,10,Freed,fleet_8_1
9,,Albina,Dudley,F,38,6967B5,"Frizzed medium chestnut very long hair, chocolate skin",Counselor,The quest (6),"Spontaneous, Hostile",Other-5,"Vehicle-1,Streetwise-1,Mechanical-1,GunCbt-1,Brawling-1",165765,Gun (1),Bronze,9,Freed,fleet_8_1
8,,Reynaldo,Pollard,M,34,6794A4,"Straight light auburn waist length hair, chocolate skin",Composer,Crime pursued by vengeance (2),"Appreciative, Frivolous",Other-4,"Blade-1,Electronic-1,Forgery-1,Streetwise-1",57314,LowPsg (1),Gandr,8,Freed,fleet_8_1
8,,Wiley,George,M,22,5745D5,"Wavey medium black close cropped hair, tanned skin",Supervisor,Overcoming the monster (2),"Spiritual, Pretentious",Other-1,Blade-1,16207,,Capon,8,Freed,fleet_8_1
7,,Earle,Pataki,M,34,A688A7,"Straight medium chestnut neck length hair, albino skin",Inspector,Rivalry of superior vs. inferior (5),"Centered, Antisocial",Citizen-4,"Carouse-1,Blade-1,Electronics-1",15334,Middle Passage (2),Iron,7,Freed,fleet_8_1
7,,Katheryn,Renault,F,22,4C6347,"Frizzed medium yellow neck length hair, orange skin",Teacher,Loss of loved ones (2),"Introverted, Subservient",Citizen-1,"Carouse-1,Bribery-1",2767,Middle Passage (1),Persephone,7,Freed,fleet_8_1
7,,Man,Larsen,F,30,5B6A96,"Frizzed medium chestnut very long hair, silver skin",Supervisor,Voyage and return (3),"Courteous, Confrontational",Citizen-3,"Admin-1,Streetwise-1,Carouse-1",7701,Middle Passage (1),Shirene,7,Freed,fleet_8_1
7,,Manuel,Bonnaud,M,22,B6B347,"Wavey light auburn close cropped hair, chocolate skin",Provider,Abduction (6),"Meticulous, Frivolous",Citizen-1,Blade-1,2250,Blade (1),Gandr,7,Freed,fleet_8_1
7,,Rosamond,Launay,F,22,5738A8,"Curly light silver neck length hair, chocolate skin",Fieldmarshal,Crimes of love (6),"Decisive, Rebellious",Citizen-1,"Streetwise-1,Vehicle-1",4897,Middle Passage (1),Wardn,7,Freed,fleet_8_1
7,,Xavier,Burris,M,34,6A87C8,"Wavey medium brown very long hair, medium skin",Mastermind,Supplication (3),"Tolerant, Timid",Citizen-4,"Medical-1,Steward-1",17024,Low Passage (1) Blade (1),Bronze,7,Freed,fleet_8_1
6,,Alec,Sherman,M,38,697784,"Straight medium black short hair, tanned skin",Inventor,Necessity of sacrificing loved ones (4),"Playful, Subservient",Other-5,"Forgery-1,Electronic-1,Blade-2,Mechanical-1",78474,HighPsg (1) LowPsg (1),Ianic,6,Freed,fleet_8_1
6,,Carolina,Castaneda,F,34,646948,"Straight medium brown waist length hair, green skin",Performer,Loss of loved ones (5),"Confident, Sleazy",Citizen-4,"Electronics-1,Steward-2",11119,Low Passage (2) Middle Passage (1),Wardn,6,Freed,fleet_8_1
6,,Li,Claeys,F,22,A88877,"Wavey medium black short hair, medium skin",Composer,Erroneous judgment (3),"Patriotic, Volatile",Citizen-1,Admin-2,3778,,Capon,6,Freed,fleet_8_1
6,,Susanne,Vazquez,F,26,963AA2,"Frizzed light yellow neck length hair, tanned skin",Promoter,Revolt (6),"Passionate, Judgmental",Other-2,"Gambling-1,Mechanical-1",57329,LowPsg (1) HighPsg (1),Drolraw,6,Freed,fleet_8_1
6,,Walter,Leray,F,34,65A767,"Wavey light chestnut short hair, brown skin",Counselor,Deliverance (5),"Creative, Flaky",Citizen-4,"Gambling-1,Streetwise-2,Gun-1",18686,Gun (1) Middle Passage (1),Penkwhar,6,Freed,fleet_8_1
6,,Walter,Mills,F,34,99BAC5,"Straight light black waist length hair, chocolate skin",Fieldmarshal,The quest (1),"Tolerant, Fanatical",Other-4,"Electronic-1,Blade-1,Brawling-1,Gambling-1,Mechanical-1",85073,LowPsg (1),Gunn,6,Freed,fleet_8_1
9,Baron,Isreal,Millet,M,34,93286C,"Frizzed light auburn waist length hair, tanned skin",Protector,Fatal imprudence (2),"Flamboyant, Violent",Noble-4,"JoT-1,Leader-2,Vehicle-1,Bribery-1,Brawling-1",568563,TAS (1) Blade (1),Bronze,9,Freed,Forgotten
9,,Ona,Faulkner,F,26,C63827,"Frizzed medium auburn waist length hair, tanned skin",Counselor,Enmity of kin (1),"Focused, Controlling",Citizen-2,"Streetwise-1,Computer-1,Admin-1",10607,Low Passage (1) Blade (1),Sting,9,Freed,Forgotten
9,,Ramonita,Jansson,F,34,659AD8,"Curly light silver short hair, chocolate skin",Fieldmarshal,Crimes of love (2),"Supportive, Tactless",Citizen-4,"Streetwise-2,Steward-1",17257,Low Passage (1),Caliburn,9,Freed,Forgotten
9,,Tony,Tardy,M,34,7385C7,"Wavey medium white shoulder length hair, silver skin",Protector,Abduction (4),"Spunky, Controlling",Citizen-4,"Mechanical-1,Computer-2,Electronics-1,Blade-1",23406,Blade (1),Gram,9,Freed,Forgotten
8,,Phung,Vazquez,F,38,668AD8,"Straight medium chestnut shoulder length hair, chocolate skin",Promoter,Obstacles to love (3),"Trusting, Haughty",Citizen-5,"Mechanical-1,Carouse-2,Brawling-1",9206,Low Passage (1),Spirelle,8,Freed,Forgotten
7,,Burl,Gauthier,M,22,984767,"Curly light black close cropped hair, brown skin",Promoter,Erroneous judgment (2),"Spontaneous, Disorganized",Citizen-1,,3238,Low Passage (1),Olympia,7,Freed,Forgotten
7,,Burl,Haynes,M,34,B75495,"Straight medium auburn close cropped hair, medium skin",Architect,An enemy loved (6),"Cautious, Rowdy",Other-4,"Gambling-2,Forgery-1,Electronic-1",76476,HighPsg (1),Gandr,7,Freed,Forgotten
7,,Charissa,Halász,F,34,5499B6,"Straight light chestnut neck length hair, chocolate skin",Architect,Fatal imprudence (4),"Ambitious, Grumpy",Citizen-4,"Blade-1,Medical-1,Steward-2,Electronics-1",15649,Blade (1),Third imperium,7,Freed,Forgotten
7,,Tamra,Lafond,F,38,6ABB9A,"Wavey medium chestnut very long hair, medium skin",Architect,Self-sacrifice for kin (6),"Flamboyant, Greedy",Citizen-5,"Steward-1,Streetwise-2,Vehicle-1,Computer-2",17389,Middle Passage (2),Harvosette,7,Freed,Forgotten
7,,Wesley,Walton,M,30,A69792,"Straight medium brown short hair, medium skin",Inspector,Madness (3),"Spiritual, Workaholic",Other-3,"Forgery-1,Brawling-1,Streetwise-1",157191,HighPsg (1),Strouden,7,Freed,Forgotten
12,,Quincy,Vazquez,M,38,A868C8,"Straight light white close cropped hair, brown skin",Composer,Rivalry of superior vs. inferior (2),"Organized, Fanatical",Citizen-5,"Gambling-1,Electronics-1,Medical-1,Brawling-1",13495,Low Passage (1) Blade (1),Penkwhar,12,Freed,Golonatha
12,,Russ,Pastor,M,22,95699A,"Wavey medium auburn close cropped hair, albino skin",Champion,Obtaining (1),"Mature, Uncouth",Citizen-1,"Bribery-1,Streetwise-1",8431,Gun (1),Penkwhar,12,Freed,Golonatha
11,,Rich,Crawford,M,38,789A73,"Wavey light black close cropped hair, tanned skin",Composer,Erroneous judgment (2),"Diplomatic, Temperamental",Other-5,"Streetwise-1,GunCbt-1,Vehicle-1,Forgery-1",76231,LowPsg (1) HighPsg (1) Gun (1),Harvosette,11,Freed,Golonatha
10,,Clemencia,Rácz,F,22,33B89A,"Frizzed medium orange very long hair, brown skin",Inventor,Obtaining (6),"Industrious, Nervous",Citizen-1,"Blade-1,Streetwise-1",4074,Gun (1),Sting,10,Freed,Golonatha
9,,Willard,Castaneda,M,26,B56A59,"Curly medium black neck length hair, orange skin",Healer,Obtaining (4),"Funny, Scatterbrained",Citizen-2,"Carouse-1,Electronics-1",10950,Middle Passage (1) Low Passage (1),Ianic,9,Freed,Golonatha
8,,German,Labat,M,22,BA8A49,"Straight medium auburn neck length hair, chocolate skin",Champion,Enmity of kin (3),"Independent, Gossipy",Citizen-1,"Steward-1,Admin-1",6778,Gun (1),Gram,8,Freed,Golonatha
8,,Jonathan,Falk,M,30,8759F7,"Straight medium silver neck length hair, chocolate skin",Counselor,All sacrificed for passion (3),"Objective, Inhibited",Citizen-3,"Brawling-1,Vehicle-1",14485,,Sacnoth,8,Freed,Golonatha
8,,Nathanial,Cohen,M,34,A66AA5,"Frizzed medium chestnut close cropped hair, chocolate skin",Protector,Vengeance taken for kin upon kin (2),"Appreciative, Perfectionist",Other-4,"Blade-1,Brawling-1,Streetwise-1",90004,Gun (1) LowPsg (1),Adabicci,8,Freed,Golonatha
11,,Kanesha,Potter,F,34,57779A,"Wavey medium orange neck length hair, tanned skin",Provider,Obstacles to love (1),"Funny, Cocky",Citizen-4,"Brawling-1,Mechanical-1,Admin-1,Gambling-1",11377,Gun (1) Blade (1) Low Passage (1),Pimane,11,Freed,Haearn
10,,Darius,Bouton,M,34,A8387A,"Frizzed medium black shoulder length hair, tanned skin",Provider,Ambition (1),"Easygoing, Rebellious",Citizen-4,"Bribery-2,Streetwise-1,Blade-1",15300,Middle Passage (1) Gun (1) Blade (1),Biter,10,Freed,Haearn
8,,Arcelia,Salazar,F,30,797879,"Curly light black close cropped hair, chocolate skin",Fieldmarshal,Ambition (4),"Generous, Self-indulgent",Citizen-3,"Medical-1,Steward-1",17751,Low Passage (1),Iron,8,Freed,Haearn
8,,Isabel,Vazquez,F,22,B57859,"Straight medium chestnut short hair, black skin",Champion,Fatal imprudence (5),"Philosophical, Hypocritical",Citizen-1,Brawling-1,8253,,Sword worlds,8,Freed,Haearn
8,,Joel,Burris,M,22,3B5534,"Wavey medium black waist length hair, brown skin",Mastermind,Pursuit (1),"Nature-focused, Cruel",Other-1,Brawling-1,68588,HighPsg (1),Sting,8,Freed,Haearn
8,,Tyrone,Varin,M,30,336D38,"Straight medium chestnut very long hair, medium skin",Protector,Revolt (3),"Decisive, Rowdy",Citizen-3,"Carouse-1,Bribery-1,Blade-1,Electronics-1",16218,Gun (1),Drolraw,8,Freed,Haearn
8,,Wynona,Bonnaud,F,22,565CA9,"Straight light chestnut short hair, chocolate skin",Provider,Vengeance taken for kin upon kin (4),"Sensible, Prejudiced",Citizen-1,"Steward-1,Carouse-1",5472,Middle Passage (1),Calabolg,8,Freed,Haearn
7,,Albina,Pataki,F,34,783462,"Frizzed medium black very long hair, medium skin",Provider,Recovery of a lost one (1),"Passionate, Greedy",Other-4,"Bribery-1,Brawling-1,Mechanical-3,Gun-1",132366,Gun (1),Gunn,7,Freed,Haearn
7,,Derek,Gauthier,M,22,5A6958,"Straight light chestnut very long hair, brown skin",Protector,Obtaining (4),"Uninhibited, Judgmental",Citizen-1,"Medical-1,Bribery-1",4946,,Steel,7,Freed,Haearn
7,,Man,Jansson,F,38,864559,"Curly medium brown neck length hair, medium skin",Architect,Daring enterprise (2),"Efficient, Resentful",Citizen-5,"Admin-1,Blade-1,Steward-1",21642,Middle Passage (1) Gun (1),Persephone,7,Freed,Haearn
7,,Milford,Berger,M,38,5A8C76,"Frizzed light chestnut neck length hair, chocolate skin",Promoter,Erroneous judgment (3),"Merciful, Rebellious",Citizen-5,"Admin-1,Mechanical-1,Computer-1,Gambling-1",12441,Low Passage (1) Middle Passage (1),Shirene,7,Freed,Haearn
7,,Willard,Michaud,M,30,287566,"Frizzed light chestnut neck length hair, black skin",Architect,Fatal imprudence (3),"Courteous, Uncommunicative",Citizen-3,"Electronics-1,Admin-1,Medical-1",7877,Gun (1),Adabicci,7,Freed,Haearn
6,,Benjamin,Lundqvist,M,34,856C78,"Curly light brown close cropped hair, translucent skin",Inventor,Adultery (5),"Patriotic, Worrywart",Citizen-4,"Gambling-1,Medical-1,Electronics-1",9366,,Drolraw,6,Freed,Haearn
6,,Dahlia,Valencia,F,34,773AB7,"Straight medium auburn neck length hair, medium skin",Inventor,Revolt (4),"Flamboyant, Pushy",Citizen-4,"Medical-1,Mechanical-1,Computer-2",11342,Low Passage (1) Gun (1) Blade (1),Derchon,6,Freed,Haearn
6,,Felipe,Faulkner,M,30,6A9578,"Frizzed medium brown shoulder length hair, chocolate skin",Inventor,An enemy loved (1),"Unselfish, Abrasive",Citizen-3,"Medical-1,Vehicle-1,Gambling-1",10218,,Steel,6,Freed,Haearn
6,,Jermaine,Halász,M,34,795683,"Straight light orange neck length hair, medium skin",Architect,Adultery (6),"Alert, Verbose",Other-4,"GunCbt-2,Brawling-1,Blade-1",186418,HighPsg (1),Steel,6,Freed,Haearn
6,,Moriah,Bonnaud,F,30,3797B3,"Curly light chestnut close cropped hair, translucent skin",Performer,Remorse (4),"Charming, Forgetful",Other-3,"Gambling-1,Bribery-1,Blade-1",174902,HighPsg (1),Carse,6,Freed,Haearn
6,,Willard,Labat,M,26,6588C8,"Straight light blond very long hair, translucent skin",Performer,The enigma (6),"Idealistic, Fanatical",Citizen-2,"Medical-1,Electronics-1,Gambling-1",6915,Low Passage (2),Iron,6,Freed,Haearn
6,,Winfred,Mace,M,38,667579,"Wavey light blond neck length hair, chocolate skin",Composer,Crime pursued by vengeance (4),"Confident, Self-indulgent",Citizen-5,"Bribery-1,Mechanical-2",12561,Blade (1),Caliburn,6,Freed,Haearn
5,,Abbey,Rácz,F,22,ACA285,"Straight light white very long hair, chocolate skin",Provider,Mistaken jealousy (6),"Centered, Gossipy",Other-1,Forgery-1,28077,HighPsg (1),Iron,5,Freed,Haearn
5,,Addie,Dos,F,26,948A58,"Wavey medium auburn neck length hair, tanned skin",Architect,Discovery of the dishonour of a loved one (5),"Appreciative, Judgmental",Citizen-2,Brawling-1,10630,Gun (1) Low Passage (1),Mithril,5,Freed,Haearn
5,,Benton,Launay,M,38,535775,"Straight medium yellow close cropped hair, brown skin",Promoter,Revolt (4),"Spiritual, Weak-willed",Other-5,"Brawling-1,Electronic-1,Blade-1,Streetwise-1",158664,HighPsg (3),Harvosette,5,Freed,Haearn
5,,Benton,Vazquez,M,34,773687,"Curly medium green close cropped hair, orange skin",Supervisor,Rivalry of kin (4),"Witty, Obsessive",Citizen-4,"Carouse-1,Steward-1,Gun-1",15376,Gun (1),Gunn,5,Freed,Haearn
5,,Burl,Henriksson,M,38,8556C9,"Curly light silver neck length hair, chocolate skin",Fieldmarshal,Comedy (3),"Friendly, Spoiled",Citizen-5,"Blade-1,Steward-1,Mechanical-1,Medical-1",12293,Low Passage (1) Gun (1),Iron,5,Freed,Haearn
5,,Freddie,Chaney,M,26,455A53,"Straight medium blond short hair, brown skin",Architect,Fatal imprudence (3),"Confident, Morbid",Other-2,"Forgery-1,Gambling-1",72377,LowPsg (1),Bronze,5,Freed,Haearn
5,,Nigel,Ferguson,M,22,75897A,"Curly medium blond waist length hair, silver skin",Composer,Rivalry of superior vs. inferior (5),"Cautious, Obsessive",Citizen-1,"Electronics-1,Steward-1",2740,,Spirelle,5,Freed,Haearn
5,,Rolf,Baird,M,26,97B795,"Wavey medium auburn neck length hair, medium skin",Teacher,Adultery (3),"Pensive, Disloyal",Other-2,"Streetwise-1,Blade-1",38205,,Bronze,5,Freed,Haearn
4,,Cheryl,Varin,F,34,8449C3,"Frizzed medium orange neck length hair, medium skin",Promoter,Obtaining (2),"Industrious, Confrontational",Other-4,Blade-1,227813,HighPsg (1) Gun (1) LowPsg (1),Hofud,4,Freed,Haearn
4,,Lenny,Hubbard,M,34,4A9836,"Straight medium white neck length hair, translucent skin",Teacher,Vengeance taken for kin upon kin (2),"Funny, Ignorant",Citizen-4,"Blade-1,Medical-1",19205,Blade (1) Gun (1) Low Passage (1),Derchon,4,Freed,Haearn
4,,Tamra,Potter,F,26,9759C3,"Straight light yellow waist length hair, brown skin",Crafter,Murderous adultery (4),"Cooperative, Defensive",Other-2,"GunCbt-1,Brawling-1",116635,LowPsg (1) HighPsg (1),Capon,4,Freed,Haearn
4,,Tory,William,F,30,A925A5,"Wavey medium chestnut short hair, chocolate skin",Provider,Remorse (3),"Imaginative, Temperamental",Other-3,"Bribery-2,Mechanical-1,Electronic-1",114326,HighPsg (1),Tenalphi,4,Freed,Haearn
4,,Tu,Rose,F,26,576749,"Frizzed light black short hair, tanned skin",Mastermind,Self-sacrifice for kin (1),"Simple, Defensive",Citizen-2,"Bribery-1,Admin-1",10824,Gun (1) Middle Passage (1),Pimane,4,Freed,Haearn
3,,Ashely,Castaneda,F,22,A5AC74,"Straight light brown neck length hair, silver skin",Teacher,Self-sacrifice for kin (1),"Sophisticated, Inhibited",Other-1,,25187,Gun (1),Smoug,3,Freed,Haearn
3,,Bobbie,Berry,M,34,7898B5,"Straight medium auburn neck length hair, chocolate skin",Provider,Supplication (3),"Talented, Extravagant",Other-4,"Brawling-1,Vehicle-1,Streetwise-1,Bribery-1",193473,LowPsg (2),Zaibon,3,Freed,Haearn
3,,Brock,Faivre,M,34,2A54DA,"Wavey medium orange short hair, black skin",Supervisor,Revolt (4),"Sophisticated, Workaholic",Citizen-4,"Blade-1,Streetwise-1,Electronics-1",12060,Blade (1),Gandr,3,Freed,Haearn
3,,Carolina,Burke,F,30,C57A37,"Curly light blond waist length hair, medium skin",Counselor,Obtaining (2),"Nature-focused, Inflexible",Citizen-3,"Computer-2,Blade-1",10402,Middle Passage (1),Shirene,3,Freed,Haearn
3,,Giovanni,Dudley,M,30,9B5A56,"Straight light auburn neck length hair, chocolate skin",Teacher,Recovery of a lost one (2),"Socially aware, Melodramatic",Citizen-3,"Bribery-2,Gambling-1,Brawling-1",6951,Middle Passage (1),Smoug,3,Freed,Haearn
3,,Hae,George,F,22,868859,"Straight medium chestnut short hair, silver skin",Mastermind,Pursuit (6),"Industrious, Unethical",Citizen-1,"Steward-1,Blade-1",7597,Blade (1),Carse,3,Freed,Haearn
3,,Lamar,Dudley,M,34,246858,"Straight medium auburn waist length hair, tanned skin",Crafter,Falling prey to cruelty/misfortune (1),"Spontaneous, Worrywart",Citizen-4,"Electronics-1,Brawling-2,Gambling-1,Computer-1,Blade-1",11603,Blade (1) Gun (1),Olympia,3,Freed,Haearn
3,,Latesha,Pastor,F,26,BC6347,"Straight medium black short hair, translucent skin",Healer,Tragedy (1),"Protective, Pretentious",Citizen-2,"Streetwise-1,Admin-1",6463,Blade (1),Drolraw,3,Freed,Haearn
3,,Marcy,Perez,F,38,3368A8,"Wavey light auburn short hair, brown skin",Mastermind,Obtaining (6),"Charming, Spoiled",Citizen-5,"Carouse-2,Mechanical-1,Gambling-1,Electronics-1",10891,Blade (1),Harvosette,3,Freed,Haearn
3,,Parker,Haugen,M,22,B8B925,"Straight medium auburn close cropped hair, translucent skin",Architect,Slaying of kin unrecognized (1),"Ambitious, Uncommunicative",Other-1,Bribery-1,64485,,Biter,3,Freed,Haearn
3,,Prince,Peter,M,22,869899,"Wavey medium auburn shoulder length hair, medium skin",Champion,Falling prey to cruelty/misfortune (5),"Independent, Selfish",Citizen-1,"Carouse-1,Vehicle-1",2989,,Shirene,3,Freed,Haearn
3,,Reynaldo,Burris,M,22,69AA5A,"Straight light brown shoulder length hair, chocolate skin",Mastermind,Tragedy (2),"Imaginative, Insecure",Citizen-1,,6279,Gun (1),Hofud,3,Freed,Haearn
3,,Rod,Burris,M,26,982546,"Frizzed medium brown close cropped hair, orange skin",Architect,Vengeance taken for kin upon kin (1),"Independent, Cynical",Citizen-2,"Electronics-1,Brawling-1",14235,Blade (1),Iron,3,Freed,Haearn
3,,Wiley,Chaney,M,38,85B528,"Frizzed medium blond waist length hair, chocolate skin",Supervisor,Abduction (5),"Empathetic, Foolish",Citizen-5,"Steward-1,Vehicle-2,Brawling-1,Electronics-1,Carouse-1",11399,Middle Passage (1) Low Passage (1),Strouden,3,Freed,Haearn
2,,Alec,Leray,M,22,94AC79,"Curly medium brown very long hair, black skin",Provider,Falling prey to cruelty/misfortune (6),"Nature-focused, Evasive",Citizen-1,,4829,Middle Passage (1),Gunn,2,Freed,Haearn
2,,Ebony,Perez,F,38,57A8F9,"Frizzed medium white short hair, orange skin",Counselor,The quest (1),"Quirky, Worrywart",Citizen-5,Mechanical-2,10710,,Sting,2,Freed,Haearn
2,,Ona,Rose,F,22,697956,"Straight light auburn close cropped hair, brown skin",Mastermind,Ambition (2),"Spunky, Gossipy",Citizen-1,Vehicle-1,5503,Blade (1),Olympia,2,Freed,Haearn
2,,Rod,Claeys,M,38,8BB894,"Straight medium brown close cropped hair, brown skin",Inventor,Crime pursued by vengeance (5),"Patriotic, Inflexible",Other-5,"Gambling-1,Brawling-1,Mechanical-1,Streetwise-1,Electronic-1",172581,HighPsg (1) LowPsg (1),Zaibon,2,Freed,Haearn
4,Knight,Wesley,Henriksson,M,34,2469DB,"Straight medium auburn close cropped hair, translucent skin",Fieldmarshal,Precursors (1),"Introverted, Violent",Noble-4,"Hunting-2,Leader-1,Vehicle-1",294162,Yacht (1) HighPsg (1) Gun (1),Sting,4,Freed,Hashanai
10,,Earle,Bakken,M,26,35596A,"Straight medium auburn short hair, brown skin",Protector,Crimes of love (2),"Whimsical, Haughty",Citizen-2,"Mechanical-1,Admin-1,Bribery-1",13435,Gun (1),Zaibon,10,Freed,Hashanai
10,,Tessie,Halász,F,34,588897,"Straight light chestnut neck length hair, chocolate skin",Performer,Recovery of a lost one (4),"Objective, Defensive",Citizen-4,"Gambling-1,Mechanical-1,Carouse-1",14670,Low Passage (1) Middle Passage (1),Spirelle,10,Freed,Hashanai
9,,Alexis,Delcroix,M,34,C67997,"Straight medium green neck length hair, albino skin",Inventor,Crime pursued by vengeance (5),"Cooperative, Irrational",Citizen-4,"Brawling-1,Steward-1",13660,Middle Passage (1) Gun (1),Iron,9,Freed,Hashanai
3,Dame,Birdie,Durham,F,30,98289B,"Curly light chestnut close cropped hair, medium skin",Healer,Discovery of the dishonour of a loved one (1),"Studious, Temperamental",Noble-3,"Leader-1,Hunting-1,Pilot-1,Carousing-1",458330,TAS (1),Calabolg,3,Freed,M'redeth
11,,Walter,Faivre,F,30,397957,"Straight medium chestnut short hair, green skin",Teacher,Falling prey to cruelty/misfortune (3),"Cautious, Compulsive",Citizen-3,"Streetwise-1,Carouse-1,Medical-1",14150,Middle Passage (1),Harvosette,11,Freed,M'redeth
8,,Carolann,Berry,F,38,668999,"Frizzed medium green short hair, orange skin",Fieldmarshal,Deliverance (5),"Simple, Humorless",Citizen-5,"Bribery-2,Carouse-1,Admin-1,Brawling-1",15163,,Smoug,8,Freed,M'redeth
8,,Princess,Wynn,F,22,3A9636,"Straight medium brown very long hair, chocolate skin",Protector,Fatal imprudence (5),"Patient, Confrontational",Citizen-1,"Blade-1,Computer-1",6479,Gun (1),Zaibon,8,Freed,M'redeth
6,Baroness,Nicolle,Harvey,F,34,646C5C,"Straight medium chestnut close cropped hair, chocolate skin",Architect,Precursors (2),"Confident, Timid",Noble-4,"Leader-1,Hunting-1,Pilot-1,Medical-1",367544,HighPsg (2) Yacht (1),Gunn,6,Freed,Raeders
8,Dame,Nella,Pommier,F,38,58367B,"Straight medium auburn close cropped hair, tanned skin",Composer,Crimes of love (5),"Gentle, Abrasive",Noble-5,"Bribery-1,Leader-1,Gabmling-1,Carousing-2,Hunting-1,Gun-1",482990,HighPsg (1) Gun (1),Lunion,8,Freed,Raeders
6,Dame,Nella,Haynes,F,38,88839B,"Curly light chestnut neck length hair, chocolate skin",Champion,The enigma (2),"Discreet, Self-destructive",Noble-5,"Leader-2,JoT-1,Liaison-1,Pilot-1",340124,Yacht (1) Blade (1) HighPsg (1),Sharrip,6,Freed,Raeders
11,,Heather,Lafond,F,22,98A3B4,"Curly medium black close cropped hair, medium skin",Crafter,The quest (1),"Imaginative, Promiscuous",Other-1,Blade-1,38491,,Spirelle,11,Freed,Raeders
4,Dame,Benita,Hicks,F,22,2A98AB,"Frizzed light blond very long hair, chocolate skin",Protector,Disaster (2),"Empathetic, Sleazy",Noble-1,Admin-1,186561,Gun (1),Third imperium,4,Freed,Tirannon
3,Dame,Vanna,Labat,F,26,55734B,"Frizzed light brown short hair, tanned skin",Counselor,Precursors (3),"Gentle, Withdrawn",Noble-2,"Leader-2,Carousing-1",342249,HighPsg (1) Yacht (1),Calabolg,3,Freed,Tirannon
10,,Neil,George,M,30,685B97,"Curly medium auburn close cropped hair, orange skin",Counselor,Erroneous judgment (3),"Empathetic, Insecure",Citizen-3,"Blade-1,Streetwise-2",9517,,Hofud,10,Freed,Tirannon
8,,Armando,Germain,M,30,8A4747,"Straight medium black shoulder length hair, brown skin",Inspector,Adultery (2),"Loyal, Inhibited",Citizen-3,"Electronics-1,Blade-1",10847,Middle Passage (1) Blade (1),Hofud,8,Freed,Tirannon
